<?xml version="1.0" encoding="UTF-8"?>
<project-private xmlns="http://www.netbeans.org/ns/project-private/1">
    <editor-bookmarks xmlns="http://www.netbeans.org/ns/editor-bookmarks/2" lastBookmarkId="0"/>
    <open-files xmlns="http://www.netbeans.org/ns/projectui-open-files/2">
        <group>
            <file>file:/C:/Users/yygvyubu/Desktop/EXE/BDA/wetransfer_rmi_2022-05-29_1205/cliservrmi/src/rmi/Cliservrmi.java</file>
            <file>file:/C:/Users/yygvyubu/Desktop/EXE/BDA/wetransfer_rmi_2022-05-29_1205/cliservrmi/src/rmi/Serv.java</file>
            <file>file:/C:/Users/yygvyubu/Desktop/EXE/BDA/wetransfer_rmi_2022-05-29_1205/cliservrmi/src/rmi/servinterface.java</file>
            <file>file:/C:/Users/yygvyubu/Desktop/EXE/BDA/wetransfer_rmi_2022-05-29_1205/cliservrmi/src/rmi/aserveur.java</file>
        </group>
    </open-files>
</project-private>
